sample,mean_LUSC,mean_LUAD,DE_LUSC_vs_LUAD
KRT6A,0.7462791383862284,0.31021700835506993,0.43606213003115846
KRT5,0.7764600819655749,0.29299117880061426,0.48346890316496066
DSG3,0.6999549947625755,0.11231673583615243,0.5876382589264231
CALML3,0.6647754638137213,0.11345494222895433,0.551320521584767
XIST,0.2446048844329066,0.4794596698644585,0.2348547854315519
SFTPC,0.4613079448278277,0.571773577042062,0.11046563221423428
KRT6B,0.6556121933693843,0.21315771466436548,0.44245447870501875
RPS4Y1,0.5853323091174493,0.38184996307368996,0.2034823460437593
KRT14,0.5840868157778537,0.1754094607898838,0.4086773549879699
KRT6C,0.6222202057574622,0.17620083762523853,0.44601936813222365
KRT13,0.5716552690351527,0.18339727901108038,0.38825799002407235
AKR1B10,0.5728548745825202,0.27492206092988053,0.2979328136526396
MAGEA4,0.43829279655276776,0.1042535251358005,0.33403927141696726
SPRR2A,0.5217439413199491,0.10105541137604547,0.4206885299439036
CLCA2,0.6859913218888656,0.21362767463921353,0.4723636472496521
SERPINB13,0.5585671174695429,0.07493527697528782,0.4836318404942551
KRT16,0.6134076406950771,0.268234753478405,0.34517288721667216
SPRR3,0.48195326829205876,0.1244829888694354,0.3574702794226233
NTS,0.4722295044975743,0.17937954376276544,0.29284996073480885
DSC3,0.7476155999949071,0.2544251046842341,0.493190495310673
SPRR1B,0.5733779291766332,0.20229760459976615,0.37108032457686707
XAGE1D,0.24276402618886667,0.5942266462545336,0.3514626200656669
DDX3Y,0.5868981289511442,0.382888374306713,0.20400975464443122
PLUNC,0.23932428367930025,0.38548382586990004,0.1461595421905998
PGC,0.30602619478857873,0.4565517950128199,0.15052560022424116
ADH7,0.560219232248716,0.14040501930688762,0.4198142129418283
UPK1B,0.47292394929232784,0.15871504203554918,0.31420890725677864
MAGEA6,0.40600643147799476,0.23236415696065318,0.17364227451734157
SFTPA1,0.5629039283790136,0.6903927250529067,0.12748879667389312
KDM5D,0.5547698094921918,0.379038480921575,0.1757313285706168
SPRR1A,0.5079140199547133,0.11921170231175626,0.38870231764295704
SFTPA2,0.5929890005761775,0.7094098253993517,0.11642082482317417
SERPINB3,0.562368709987549,0.2422552084772174,0.3201135015103316
A2ML1,0.523411701165232,0.11017736108150727,0.41323434008372467
FGG,0.3326139442210302,0.5031814533176155,0.17056750909658536
SERPINB5,0.7449074825748382,0.3329925191170832,0.41191496345775497
MAGEA3,0.3792614395713039,0.22397615528767204,0.1552852842836319
SCGB1A1,0.41220828036608215,0.42316666451805324,0.01095838415197109
UGT1A6,0.6594587489993684,0.32125947006610744,0.33819927893326096
FGB,0.08638501860368766,0.2795548015952144,0.19316978299152673
SPRR2D,0.5195297286303726,0.17395830778755028,0.34557142084282233
RHCG,0.486200982066903,0.149103387955032,0.337097594111871
MAGEA9B,0.45465414929032666,0.12191854601021651,0.33273560328011015
GSTM1,0.3360265297467675,0.3341255913903393,0.0019009383564281834
PKP1,0.7745774849487518,0.425637873311918,0.3489396116368338
S100A7,0.36055818526774713,0.0769252566969653,0.2836329285707818
PRAME,0.5865623373566973,0.3865051232412531,0.2000572141154442
GJB6,0.5713069303229876,0.24757699079889228,0.32372993952409534
USP9Y,0.5312892398628941,0.36186844824755904,0.16942079161533508
LASS3,0.611847055775503,0.06698205301494331,0.5448650027605597
SFTPB,0.6066826944520676,0.7759882797619012,0.16930558530983364
C20orf114,0.40029315578536256,0.48955000192560083,0.08925684614023827
MUC5B,0.37671934738152396,0.5617214140791901,0.1850020666976661
SPRR2E,0.413795229370903,0.044587820620857976,0.36920740875004504
LY6D,0.4783914943279153,0.24335160807154843,0.23503988625636685
GPX2,0.6770224089510122,0.4085578850062024,0.2684645239448098
FOXE1,0.6293275700488907,0.27418995060661117,0.35513761944227956
CLDN18,0.39759636186281033,0.5049421598783194,0.10734579801550903
TMPRSS11D,0.4871773432967884,0.09301238480703623,0.3941649584897522
FGA,0.24152069806527313,0.41426812716319217,0.17274742909791904
NAPSA,0.5313815182382322,0.7727604537192099,0.24137893548097766
BNC1,0.6323090637265701,0.1646674914565331,0.46764157227003705
SPINK1,0.18081381641612213,0.42266364650636673,0.2418498300902446
DAPL1,0.5189948717327731,0.11969445853443132,0.3993004131983418
UGT1A7,0.36606630557556896,0.02572456888718863,0.3403417366883803
PADI3,0.43294407493249376,0.11695769721103351,0.31598637772146027
EIF1AY,0.49214800685978244,0.3285451026562686,0.16360290420351387
SERPINB4,0.46530337363376684,0.16440323923687303,0.3009001343968938
MAGEA2,0.2774549666502285,0.19301477499300423,0.08444019165722427
SCGB3A2,0.4439109180665176,0.5633120308101349,0.11940111274361731
UTY,0.529676112987416,0.3544314031679446,0.17524470981947143
LOC642587,0.667321521980896,0.2416645058076034,0.4256570161732926
FAT2,0.6974588680123905,0.3056154283434194,0.3918434396689711
KRT17,0.7177009443412402,0.43381117590416013,0.2838897684370801
SFTA2,0.3753044685909179,0.7139112607689396,0.33860679217802175
CYP4F11,0.5208789105842988,0.3164043056025776,0.2044746049817212
SFTA3,0.44085954920645354,0.7627241931187663,0.32186464391231273
PI3,0.5538476115889475,0.2726230102787585,0.28122460131018895
TP63,0.7395785593109863,0.38548943673680736,0.3540891225741789
KIF1A,0.37007167050354683,0.3273355811192302,0.04273608938431661
LGALS7,0.49765946820180706,0.16207376785090633,0.33558570035090074
AKR1C2,0.6284429261436412,0.42848656439521154,0.19995636174842962
MUC21,0.26264688593181806,0.5663252200809714,0.30367833414915335
CALML5,0.3919850729486284,0.10964579694860675,0.2823392760000216
FAM83C,0.502038771738852,0.06295667776845662,0.43908209397039544
PAEP,0.13581774046819947,0.3247721159241542,0.18895437545595475
MSLN,0.42609821770473094,0.6261031025252161,0.20000488482048512
SCGB3A1,0.3578838643474432,0.48450525631537916,0.12662139196793598
IVL,0.519941417588121,0.3102915175812901,0.20964990000683087
C4BPA,0.4537098384237772,0.6651339483222464,0.21142410989846916
TRIM29,0.8127177423122359,0.4606235374421383,0.3520942048700976
CYP4F3,0.512813962819361,0.24799729428860037,0.2648166685307606
GSTT1,0.5739175322541727,0.6187527270407723,0.044835194786599586
SBSN,0.4559602405876901,0.1522571161905152,0.30370312439717484
NTRK2,0.6823043495078953,0.3693458141316951,0.3129585353762002
UGT1A9,0.5450184710539775,0.17848164131039673,0.36653682974358076
ZFY,0.5291498431605113,0.3546204899414992,0.17452935321901208
MMP10,0.48247454355561625,0.26411863130462154,0.2183559122509947
FGL1,0.08915773291328324,0.32478192128910155,0.2356241883758183
UGT1A10,0.2586348623120339,0.0954847889969766,0.16315007331505732
DMBT1,0.4723429346133278,0.5669659036253134,0.09462296901198558
LGALS7B,0.46343007452763246,0.14672121199229743,0.31670886253533503
MUC13,0.21830552520948268,0.39181846220804556,0.17351293699856288
PTPRZ1,0.6786519085673453,0.3659539173863736,0.31269799118097164
GBP6,0.6601848579149421,0.30453113027723505,0.35565372763770703
LOC84740,0.3863277929869109,0.6296098268922713,0.2432820339053604
CYorf15A,0.49960653273790967,0.33284798007891486,0.1667585526589948
AQP4,0.5202644531852989,0.6506315836535728,0.13036713046827386
WIF1,0.38102510627648717,0.417233725068192,0.03620861879170484
CEACAM5,0.4655353220226909,0.5982742400444996,0.1327389180218087
C16orf89,0.4389563646381074,0.6833761453700538,0.24441978073194637
TMPRSS11A,0.4196172411290844,0.04603250609584212,0.37358473503324224
BARX1,0.3841336688939184,0.31633658119469954,0.06779708769921888
SLC6A15,0.4443382553799356,0.12855057062640818,0.3157876847535274
MAGEA1,0.2883932457349913,0.12825123307633068,0.16014201265866063
ALDH3A1,0.5774059485319083,0.38942547904765434,0.18798046948425395
ODZ2,0.5386608705478158,0.21111337806503008,0.3275474924827857
MAGEA11,0.38912722679047,0.07888779808736816,0.31023942870310184
GPR87,0.7003714920845968,0.40769562112863983,0.292675870955957
SERPINB2,0.4903925042225804,0.1548084994668217,0.33558400475575867
HMGA2,0.5202548009129944,0.3195389393048401,0.20071586160815424
ADAM23,0.5928570790510126,0.23918610105626092,0.35367097799475167
TTTY15,0.4517163944867345,0.2991863231221202,0.15253007136461433
VIL1,0.1421142427314275,0.31294419272504626,0.17082994999361875
MUC16,0.4116787714287318,0.5489266850626537,0.13724791363392191
CTSE,0.47746909205244437,0.6238568545334423,0.14638776248099794
IGF2BP1,0.39842006206588204,0.28593757085080374,0.1124824912150783
C10orf99,0.44265233232737833,0.03264367861417437,0.41000865371320394
GKN2,0.2379537737170062,0.35508203799654575,0.11712826427953954
NR0B1,0.2609349420928264,0.13855650421629945,0.12237843787652697
KLK8,0.3808731310929924,0.1722040347547615,0.2086690963382309
COL17A1,0.6184776347642337,0.4363111635238966,0.18216647124033708
MMP13,0.40290433214591165,0.3652962134247543,0.037608118721157324
CA9,0.4797471572816239,0.3651658436927589,0.11458131358886503
MAGEA12,0.2280996117505786,0.18960932618775594,0.03849028556282266
CAPNS2,0.5496353541121743,0.15678294787873595,0.3928524062334384
PEBP4,0.3747920618725891,0.5108041590520874,0.1360120971794983
MSMB,0.2564930932549007,0.29378973396109453,0.03729664070619382
GJB5,0.7149328785789977,0.2979172474196842,0.4170156311593135
ADH1B,0.46630863464795763,0.5851981698806087,0.11888953523265106
CST1,0.36999938620624917,0.3661484714445038,0.003850914761745372
ANXA8,0.7209055717074089,0.40632098661470445,0.3145845850927044
CYP4B1,0.48411413761661415,0.6262780214524031,0.14216388383578893
PIGR,0.48259945729370296,0.6398666340438705,0.1572671767501675
PCSK2,0.21194539295082143,0.25474795575908,0.04280256280825856
SLC34A2,0.5955054728021115,0.8069593419611654,0.21145386915905384
HOXC10,0.40745599576392355,0.32128483073492514,0.08617116502899841
PPP2R2C,0.6328299503727621,0.3810852741632409,0.25174467620952123
HOXD13,0.44682881046564515,0.1061109759335997,0.34071783453204546
CALCA,0.06282023198189647,0.16857403332158566,0.10575380133968919
TCN1,0.2960314248150945,0.29857745731911756,0.002546032504023077
KRT4,0.4130058351142039,0.30790704709258016,0.10509878802162376
KLK6,0.36105556872103617,0.21753962097187218,0.14351594774916399
LGSN,0.20940471212706893,0.5550177748063586,0.3456130626792897
NELL1,0.31305070455163797,0.23397448472408489,0.07907621982755308
GSTA1,0.51311191784291,0.41497465158447305,0.09813726625843694
AQP5,0.3271244732651524,0.488123733008874,0.1609992597437216
SFTPD,0.5303839973633562,0.6701865907257333,0.1398025933623771
FOLR1,0.46061268754552825,0.7183440319522814,0.2577313444067531
CALB1,0.2584363089742679,0.08174911157368686,0.17668719740058103
C20orf85,0.27081844054013804,0.3491365951731975,0.07831815463305947
HBA1,0.33774083367367663,0.39506284238565753,0.0573220087119809
EEF1A2,0.39615263139789814,0.4653233074866642,0.06917067608876604
CYorf15B,0.4211169146460403,0.3039532629357581,0.1171636517102822
SLCO1B3,0.31482953359975613,0.24461346461707953,0.0702160689826766
FAM83B,0.6570796796554904,0.27874561679403903,0.3783340628614514
NKX2-1,0.47337793616943097,0.7811368633605328,0.3077589271911018
CACNA1B,0.5106179953420549,0.18198122139485334,0.32863677394720153
PTHLH,0.6152433077600447,0.34480907574383646,0.2704342320162082
S100A2,0.6567643657979727,0.40811089843147996,0.24865346736649274
PNCK,0.5725685664794312,0.2372751908243077,0.3352933756551235
HNF1B,0.3300208902221301,0.7144282955459893,0.3844074053238592
CPLX2,0.19042261612228095,0.18414793677722613,0.006274679345054823
BRDT,0.14789652133191075,0.2729497099105529,0.12505318857864214
COL11A1,0.5861744307839472,0.5287208735955443,0.05745355718840284
TFF1,0.12264653407897835,0.23260019612587712,0.10995366204689877
AKR1C1,0.603664438649852,0.4365913376184308,0.1670731010314212
CLCA4,0.3485545928675239,0.05822347786642239,0.2903311150011015
KIAA0408,0.2568522024294487,0.4192103589292051,0.16235815649975643
KLK12,0.22120745873878908,0.20638152911435723,0.014825929624431855
WDR72,0.7066405875979962,0.4379224745970513,0.2687181130009449
PRKY,0.5172737798102155,0.34237958723945067,0.17489419257076483
BPIL1,0.10122213786954284,0.22446291622425002,0.12324077835470718
SLC6A4,0.2991943458500417,0.2846262747894511,0.014568071060590604
SOX2,0.6872971285711886,0.46858109957024435,0.21871602900094428
C4orf7,0.2541192074775382,0.21232809709767403,0.04179111037986416
COL7A1,0.6863078718999164,0.4183081572840145,0.2679997146159019
MS4A15,0.29664124553170956,0.4371520655188172,0.14051081998710763
PAX7,0.17652305042397254,0.22143687339407367,0.04491382297010113
SOST,0.35381283314533285,0.12028399448785436,0.23352883865747848
HOXB13,0.27719416542684233,0.2091907095687445,0.06800345585809783
CYP2B7P1,0.37305732752931464,0.5673153221784164,0.19425799464910176
CNTNAP2,0.541066494868491,0.33095279482756096,0.21011370004093005
GDA,0.5080337787824087,0.2323291730329949,0.2757046057494138
NEFL,0.374753102511823,0.18046530588739854,0.19428779662442444
HP,0.4189448788287095,0.46802624377988555,0.04908136495117604
HGD,0.18493332988666317,0.4419799565290738,0.2570466266424106
IL1F5,0.4626207608157029,0.2642136890904424,0.1984070717252605
HOXB9,0.298228541654568,0.25412452860148316,0.04410401305308487
B3GNT6,0.14647430615263946,0.4497027928366868,0.30322848668404734
CYP24A1,0.41647351759242757,0.4939045875638269,0.07743106997139931
S100A7A,0.31439835554553963,0.05077252943721446,0.2636258261083252
KRT31,0.30143185660671007,0.020687164582504657,0.28074469202420543
SOSTDC1,0.5017986946783777,0.2695146828715891,0.2322840118067886
MS4A8B,0.25046471941118376,0.33989450080290307,0.08942978139171931
CHIA,0.20495097768404089,0.443180887842559,0.2382299101585181
GJB1,0.2689532913422383,0.5128908836480714,0.24393759230583317
ADH1C,0.3571788153510222,0.346192724605771,0.010986090745251198
HORMAD1,0.38360583715953345,0.36706115577431836,0.016544681385215088
AGTR2,0.26798453758998175,0.3193519444752444,0.051367406885262645
SYT13,0.3334260804185561,0.3122985574378519,0.021127522980704194
CT45A1,0.22048094539493623,0.0921428332834427,0.12833811211149354
KRT23,0.48458939051205996,0.2668868504137991,0.21770254009826084
KLK7,0.4147816243018955,0.26891232317558317,0.14586930112631236
CPS1,0.30460824395987884,0.3941937056349879,0.08958546167510906
CAPN8,0.37122849301747074,0.6994399382959436,0.3282114452784729
CPB2,0.20309022043593955,0.35501539339534655,0.151925172959407
KRTDAP,0.28805244701726507,0.024826861107063346,0.26322558591020173
KRT15,0.664574935902444,0.4408253651729494,0.22374957072949458
IRX4,0.3637322533219081,0.061873095812956726,0.30185915750895137
CHST9,0.4834293577089934,0.34029554796240485,0.14313380974658857
IL1F9,0.40804122402409926,0.13892817551760753,0.26911304850649176
KRT75,0.32055461465991775,0.06412420048139547,0.2564304141785223
CSAG3,0.33136737676501793,0.20056651435705256,0.13080086240796537
LGI3,0.5136323477492408,0.40640729361000966,0.10722505413923117
AZGP1,0.36706396005476133,0.5279991991924616,0.1609352391377003
SERPINB7,0.45423196995039794,0.17057657583168648,0.28365539411871143
C20orf56,0.31177721758282023,0.5227273095072702,0.21095009192444997
AGR3,0.4617200130298402,0.6459946538083499,0.18427464077850964
CXorf61,0.186675451037095,0.35626167600921105,0.16958622497211603
TOX3,0.3250354898373948,0.6480648468004162,0.32302935696302143
AGER,0.42428088876969655,0.503463035786968,0.0791821470172715
DLX6,0.43689477950752437,0.16689454286663788,0.27000023664088646
FBN2,0.510241777306396,0.2826715774397318,0.22757019986666416
COL4A6,0.5506897632073431,0.2685950616439273,0.28209470156341576
AMY1A,0.3538257799872104,0.5112152442510888,0.1573894642638784
HOXD11,0.46793421708648164,0.10127616973493747,0.36665804735154417
PITX2,0.3655979587198372,0.36673475951530016,0.0011368007954629666
GABRA3,0.5210922726621094,0.20404461327715293,0.3170476593849565
HOXC13,0.5379815497885984,0.282569900259042,0.25541164952955636
APOH,0.1247325727933502,0.34183869361421737,0.21710612082086717
TM4SF4,0.08193097391888328,0.2595617023543768,0.17763072843549355
S100P,0.4868966936991258,0.5792504732232036,0.09235377952407775
LMO3,0.4762780680908849,0.7189970928972487,0.24271902480636376
CTAG1B,0.18742372750828312,0.11429860424686443,0.07312512326141869
SOX21,0.6001351856424076,0.34205014303102843,0.2580850426113792
ASCL1,0.15977058385591675,0.21573102603813993,0.05596044218222318
PITX1,0.6546572822201837,0.42904156727238185,0.22561571494780186
ZIC2,0.5481739682964706,0.2715629248105405,0.2766110434859301
MAGEB2,0.23368363643625337,0.1014261025360674,0.13225753390018596
GLB1L3,0.1505702952068785,0.3522920619861514,0.20172176677927287
CSAG1,0.21801532269160545,0.17634869331701414,0.04166662937459131
GGTLC1,0.29134864674336164,0.5489660719850152,0.2576174252416536
MAGEA10,0.2221204556500284,0.09846859921648589,0.1236518564335425
ERN2,0.303103443843877,0.44206623298694575,0.13896278914306875
PPP1R14D,0.1651582520478424,0.46541589143503076,0.30025763938718836
AKR1B15,0.35647938849129324,0.16932389633440628,0.18715549215688695
AMTN,0.2610926971874779,0.03704513234025148,0.22404756484722643
ALOX15,0.3839779021591545,0.3103906580285582,0.07358724413059631
C1orf110,0.4161814367456891,0.17231882286516545,0.24386261388052363
HABP2,0.2916258358254446,0.5084446869837537,0.21681885115830907
SCTR,0.3691306267104387,0.5691658719504663,0.20003524524002758
TSIX,0.15081679788256316,0.2604753883745254,0.10965859049196222
BMP7,0.7369673158229797,0.42733917736003035,0.30962813846294934
RAET1L,0.5022696807523951,0.0726215754344292,0.4296481053179659
ANXA8L2,0.7060105799016219,0.41251795192325635,0.2934926279783655
NLGN4Y,0.44889160281967533,0.2756218368252982,0.1732697659943771
PROM1,0.388990270518711,0.4915044254961803,0.1025141549774693
FGFBP1,0.6528236887297554,0.4109300649539758,0.24189362377577955
FAM83A,0.5264983618030508,0.6069369519216309,0.08043859011858012
PCP4,0.18185014179341438,0.33697713631468384,0.15512699452126946
KLK11,0.5307444394646956,0.5003696338030141,0.030374805661681492
HHLA2,0.25981022002467274,0.417973435508748,0.15816321548407525
CEACAM6,0.5237085429844621,0.7493764601100024,0.22566791712554024
DMRTA2,0.4543590864083463,0.32086907443043633,0.13349001197791
CHP2,0.42597011773220467,0.15956923510899196,0.2664008826232127
MMP1,0.581780090482173,0.498395157828285,0.08338493265388808
CLDN6,0.14161526210393513,0.30864944755194756,0.16703418544801243
PADI1,0.35441970942343487,0.24048558264030448,0.11393412678313039
TNS4,0.6982629950834908,0.48012869600340885,0.21813429908008192
EREG,0.33706149267447966,0.4204259042176485,0.08336441154316887
TEKT1,0.23447891705310892,0.30862041010987723,0.07414149305676832
TFPI2,0.3249390228265829,0.477337811967592,0.15239878914100913
DPCR1,0.17840866574316322,0.33351495369086137,0.15510628794769815
ZIC5,0.5089336859269932,0.15607787109195087,0.3528558148350423
MMP3,0.4106140064705101,0.23875399618122362,0.1718600102892865
CTAG2,0.1719810486047423,0.09490227667750686,0.07707877192723545
MAGEC2,0.15323640004210168,0.15237881904193012,0.0008575810001715534
HHIP,0.35608738037988347,0.434323152404617,0.07823577202473353
PRSS21,0.5624861559230607,0.40438519134528184,0.1581009645777789
NKAIN2,0.4995039216872539,0.20300810130887378,0.29649582037838007
LGALS4,0.1764993841914628,0.3084075048557161,0.1319081206642533
CHGB,0.2648919331996049,0.2629306084555229,0.0019613247440820047
SLCO1A2,0.45768905916410946,0.2362472815568852,0.22144177760722425
KLK5,0.28465756820791294,0.1585837798802464,0.12607378832766652
SOHLH1,0.2771979095588242,0.06316209111296768,0.2140358184458565
GAGE12D,0.11992821284810076,0.054105703277532426,0.06582250957056834
FETUB,0.3001387164681027,0.05684191976742729,0.2432967967006754
PAPL,0.39637349908237246,0.10991707196511638,0.28645642711725605
USH1G,0.540738037682655,0.18076364715507148,0.35997439052758357
FOXA2,0.46397441731285066,0.7026245345495618,0.2386501172367111
ATP12A,0.3698508682259642,0.22735895541520174,0.14249191281076246
CYP26A1,0.39021298841520674,0.19280620489883527,0.19740678351637148
ABCA12,0.5602831412537909,0.44268245245409177,0.1176006887996991
NLRP2,0.4870553079252752,0.5228507798792996,0.03579547195402444
CRYM,0.32560826204818955,0.5498552446884716,0.22424698264028203
TSPAN8,0.37396754559844325,0.530634552784325,0.15666700718588178
HOXC11,0.3576584747247882,0.28030438457103063,0.07735409015375755
KLK10,0.5893278318528169,0.45421049447079215,0.13511733738202475
SPAG6,0.3165993518096252,0.42827974570942123,0.11168039389979606
C13orf30,0.2991260137429075,0.38824638175856335,0.08912036801565587
IGFL1,0.30451245218205947,0.08468720124991601,0.21982525093214345
CLDN10,0.4589552754832412,0.4855944182357202,0.026639142752478973
GABRP,0.39827960718484723,0.2955745618824621,0.10270504530238511
PSCA,0.34368555770789194,0.29223126426608853,0.05145429344180341
CLDN2,0.26688464864777733,0.39961476980055355,0.13273012115277621
GJB4,0.5508439469903041,0.22531391268170936,0.3255300343085948
CA4,0.30637239733895777,0.3826357086851942,0.07626331134623643
FABP4,0.38521305173161496,0.39354681550795906,0.008333763776344094
C12orf56,0.5507036976912314,0.2476265222889542,0.3030771754022772
DMRT2,0.5352476894742406,0.24441273438423686,0.2908349550900038
SPRR2F,0.2776637469061999,0.07856190053544412,0.19910184637075576
RPS28,0.6090020068129682,0.5805006254487106,0.028501381364257616
SERPIND1,0.30435255687573015,0.4115159698912285,0.10716341301549837
LTF,0.5409754706975615,0.5332745779778981,0.007700892719663344
ROS1,0.5291011571585831,0.6849922958835774,0.15589113872499427
SPRR2C,0.2570234630160016,0.07673053060269677,0.18029293241330482
WFDC5,0.3223649005416859,0.07238880080975606,0.2499760997319298
SPDEF,0.3434927008951106,0.6173050939053439,0.27381239301023336
DLX5,0.504356971685934,0.24376392356241208,0.2605930481235219
PLA2G1B,0.23413036123666453,0.40684353983735266,0.17271317860068813
TMEM40,0.6141171634681603,0.28592610425067433,0.3281910592174859
HHIPL2,0.20705776337436657,0.3695437074190385,0.16248594404467195
LRRN4,0.3331916138429395,0.5732175369038687,0.24002592306092918
ANXA10,0.19169116041275808,0.12433301663780498,0.0673581437749531
GLYATL2,0.3496790786555583,0.14025135074562692,0.2094277279099314
VSIG2,0.4227695918725663,0.5677686344897134,0.14499904261714708
ABCA4,0.3753037401382196,0.4363121193531116,0.061008379214891995
ANKRD1,0.30268674011397834,0.352189354934068,0.04950261482008966
CTNND2,0.18974930713875665,0.3013348841471355,0.11158557700837884
C10orf81,0.40737690187163667,0.561771486051673,0.15439458418003638
CSAG2,0.24029921515020028,0.14418649867845754,0.09611271647174274
FAM83F,0.6306989931220619,0.3626957531078459,0.268003240014216
PGLYRP3,0.4405049415601126,0.15111184019599272,0.2893931013641199
LRP2,0.3764222522637623,0.49967234637767816,0.12325009411391585
CRTAC1,0.46534878859966017,0.54085624659457,0.07550745799490982
SFTA1P,0.38557294070586795,0.5838700867958153,0.19829714608994736
FAM133A,0.25937264255229037,0.2727646728787547,0.013392030326464355
DSG1,0.34672462745879756,0.07431234389794576,0.2724122835608518
FOXJ1,0.4285293312021715,0.6328592196561035,0.20432988845393196
GRHL3,0.6198747984899152,0.3692821123809438,0.2505926861089714
TFF3,0.4029771136959242,0.5121821966779037,0.10920508298197945
B4GALNT4,0.6332331522691994,0.47940731860443986,0.15382583366475955
LRRC31,0.13892619825059155,0.45864938046467674,0.3197231822140852
TDRD5,0.49653729959469106,0.41823419789480204,0.07830310169988902
DUSP9,0.5520381955835882,0.3035044998645171,0.24853369571907113
TNNT1,0.580720139869686,0.5074525429020675,0.07326759696761842
CACNA2D2,0.49704087010149084,0.6522989764486571,0.15525810634716625
LOC440173,0.5444845162745703,0.2529899669444481,0.2914945493301222
HAP1,0.5402817928435653,0.2493717737899537,0.2909100190536116
CLDN8,0.3972405853041709,0.3185581137255797,0.0786824715785912
CRLF1,0.3536800703515701,0.4763321363126259,0.12265206596105577
LOC440905,0.37902700919092963,0.24522814990358338,0.13379885928734625
KCNG1,0.5127312309938274,0.2171824516704487,0.29554877932337875
MYEOV,0.3594284209980304,0.394093044940961,0.03466462394293057
VTCN1,0.5426424523423826,0.4385525335730066,0.10408991876937601
NXPH4,0.6460143860357134,0.39489253362426985,0.2511218524114435
OLFM4,0.22377507923644857,0.12202908759053965,0.10174599164590892
TBX18,0.48271541149242775,0.31636730471049607,0.16634810678193168
TESC,0.316843657528799,0.5697326223246006,0.25288896479580164
PTPRT,0.3695848310370946,0.3060229886574633,0.0635618423796313
PENK,0.287775259487652,0.24578818017389872,0.041987079313753256
FGFBP2,0.34588860842747493,0.22653058876201757,0.11935801966545737
TGM3,0.37485408571871814,0.1699918815655988,0.20486220415311934
ZIC1,0.2335481581161502,0.12387924944963595,0.10966890866651426
GJB3,0.7226063697111064,0.485553270527678,0.23705309918342837
CDKN2A,0.5483694015245983,0.4853602363641756,0.06300916516042276
GSTA2,0.25896443766671745,0.2974917970310582,0.03852735936434076
ABCA13,0.6499362551712771,0.4519545316661044,0.19798172350517268
MUC6,0.12667927679791158,0.2201894150379512,0.09351013824003962
PPP1R1B,0.4921785582446367,0.6393861576536021,0.14720759940896538
UPK3B,0.4741016371778951,0.4356129695820699,0.0384886675958252
INA,0.33573374975329884,0.26471361059888154,0.0710201391544173
CEL,0.4534366391920834,0.2580245906965071,0.1954120484955763
PCDP1,0.3996096747880126,0.6473536276485979,0.24774395286058531
ABP1,0.3370039195176847,0.5218523443580307,0.18484842484034603
EN1,0.37764674386705344,0.06422473048489903,0.3134220133821544
HOXA10,0.6327328948292908,0.41381532115823244,0.2189175736710584
DLK1,0.10549271948648711,0.0868416596341951,0.018651059852292012
CRABP1,0.2343131477193112,0.21492799452427908,0.019385153195032118
C6orf15,0.22924240727116382,0.06963856879728568,0.15960383847387816
PART1,0.399072269005565,0.1781054289156227,0.22096684008994227
ORM2,0.2273328043500753,0.4047089982698858,0.17737619391981052
LY6K,0.5719750334836455,0.4570125282578221,0.11496250522582341
PPAN-P2RY11,0.30576007770984565,0.25722998558618687,0.048530092123658775
ORM1,0.31448894959402446,0.44768920660906575,0.1332002570150413
S100A8,0.5184480862035449,0.330894798862174,0.1875532873413709
MMP12,0.6366611777320541,0.5311735793146728,0.10548759841738131
SLC1A7,0.24055958935682634,0.45912083180525015,0.21856124244842381
CXCL6,0.4863118731464933,0.33049036307958396,0.15582151006690936
SPRR2G,0.2754729038219009,0.02361644794967459,0.2518564558722263
PCDH19,0.5268499935234494,0.2987159905024423,0.22813400302100711
DBC1,0.24471397771164832,0.3450364543832922,0.1003224766716439
IL1F7,0.05186628791695231,0.2633468284505329,0.21148054053358062
ITLN2,0.28248036356263245,0.27166001533346473,0.01082034822916772
SLC1A6,0.2396793317291447,0.061229659709261273,0.17844967201988343
MKRN3,0.46008733197032353,0.23942811674052236,0.22065921522980117
EPHA7,0.41131652301017013,0.23041773643625782,0.1808987865739123
HMGCS2,0.13389933550554586,0.2374797305034328,0.10358039499788693
CNTN1,0.5579847984494772,0.3795522932914602,0.17843250515801706
C3orf57,0.45656004292930025,0.32704402570147567,0.12951601722782458
NR0B2,0.19950468078890674,0.3919016610982527,0.19239698030934596
KRT1,0.3197118342753712,0.13569801559901765,0.18401381867635355
HEPHL1,0.35272205029156056,0.13325884139071245,0.2194632089008481
GAL,0.30908396044121617,0.2079359498839756,0.10114801055724057
GPM6A,0.3206537185054569,0.4006855016007335,0.08003178309527664
SLC26A9,0.4027229658249391,0.5911830230268591,0.18846005720192
ZNHIT2,0.6180285784673943,0.6917746284208035,0.07374604995340917
CSF3,0.33609611776857456,0.288635456233657,0.04746066153491757
RNASE7,0.3447040166466154,0.07622686299512944,0.26847715365148594
KLK13,0.3639546724375369,0.25550412866621336,0.10845054377132352
SMOC1,0.36435425400218685,0.43677834531456616,0.07242409131237931
CES1,0.6043494408931944,0.5492209997358551,0.05512844115733928
C6orf176,0.11620424328716586,0.24690761674270145,0.1307033734555356
SLC5A8,0.2582576295318203,0.3416698424497863,0.08341221291796602
GJB2,0.5680315190626809,0.39344248401340903,0.17458903504927187
TNNC1,0.36934756152300846,0.5361212609949793,0.1667736994719708
CXCL14,0.5996472850415218,0.5205595339304911,0.07908775111103061
CCNA1,0.4874001490047668,0.2681525799855727,0.21924756901919412
C4BPB,0.16584272326521776,0.42770977610913,0.26186705284391226
DDC,0.21125022160906531,0.29618350350021355,0.08493328189114824
C1orf173,0.3306367799424133,0.3334070580348011,0.002770278092387779
IYD,0.24330638135169294,0.5010474751683046,0.2577410938166117
RIMS2,0.46293578717204625,0.2310856405499565,0.23185014662208975
FGF19,0.1794625255107492,0.11998317072983156,0.05947935478091765
MRAP2,0.560042226789008,0.28038088120091126,0.2796613455880967
GAGE4,0.13089473812966018,0.05690625509160726,0.07398848303805292
DACT2,0.5052456236412322,0.47162332557229236,0.03362229806893979
FEZF1,0.34265955131736564,0.29447719373173115,0.048182357585634494
DEFB1,0.460441179175261,0.35021746365695083,0.11022371551831017
C8B,0.16835989467462195,0.2903040653999272,0.12194417072530525
COL2A1,0.20988739910781454,0.13496225023280708,0.07492514887500745
TPRXL,0.5939972966678426,0.1747680809596358,0.4192292157082068
HTR3A,0.20247380707030976,0.3717584255186501,0.16928461844834036
GPR110,0.4942033784301847,0.6171159335115055,0.12291255508132082
AMBP,0.12218104696123382,0.2754008933183655,0.15321984635713165
DQX1,0.6118776033508619,0.2657246057676901,0.34615299758317186
SHISA3,0.24230166760307764,0.39594902119478664,0.153647353591709
C12orf36,0.2847895673002277,0.17393041976023474,0.11085914753999296
FOXL2,0.3369885902044817,0.08743655603274765,0.24955203417173405
SLC6A3,0.17393613845944905,0.323895982495146,0.14995984403569695
GAGE2D,0.13047580425019892,0.05127053328050538,0.07920527096969354
DNAH9,0.3387343346084143,0.3266106259639077,0.01212370864450657
HPN,0.4415826304441691,0.6639026379741826,0.22232000753001346
ADCY8,0.24872860255937915,0.13445843748566286,0.11427016507371629
HR,0.6380153511835499,0.3459644801825807,0.2920508710009692
H19,0.43085659484964883,0.39863045079943515,0.03222614405021368
SLC5A1,0.4276928958781647,0.444096098553936,0.016403202675771278
LYPD3,0.6109244752216563,0.37091350368632314,0.24001097153533313
SNTN,0.3245106279913093,0.41882450968512425,0.09431388169381494
C7,0.5377722124609927,0.6117561054329336,0.07398389297194086
CLEC2L,0.4105500037619956,0.14930270888139655,0.26124729488059906
NCCRP1,0.4950717087386853,0.37066275575565183,0.12440895298303345
CDHR1,0.5627251838272588,0.2471892519032943,0.31553593192396445
HOXD10,0.454053547604329,0.20443855685685644,0.24961499074747254
CPA4,0.40489462664518183,0.1487658880321858,0.256128738612996
NKX2-5,0.2984578124602157,0.04479914544988083,0.25365866701033485
RORC,0.47179219546694157,0.7624229532156483,0.2906307577487068
HTR2C,0.35346583254678093,0.13570983872062545,0.2177559938261555
GTSF1,0.3108266618430258,0.2687901827576095,0.0420364790854163
IL20RB,0.5203765071539833,0.3031788824376593,0.21719762471632403
MAGEC1,0.1471971799052051,0.1273385648599072,0.0198586150452979
ARSE,0.37055478468895836,0.5950903942672322,0.22453560957827384
SNX31,0.35279693033620163,0.08065150327394434,0.2721454270622573
CAPN9,0.28054728359173786,0.45354665778666575,0.1729993741949279
SERPINB11,0.300922569982694,0.09550524732355709,0.20541732265913693
POPDC3,0.4566722065411443,0.29519686451415367,0.16147534202699065
C4orf31,0.5047739794024805,0.6979740577873446,0.19320007838486408
CDHR4,0.21187944573805276,0.28063411780749586,0.0687546720694431
ABCC2,0.3424550253063501,0.3339459567453694,0.00850906856098066
VSNL1,0.7246140755379885,0.3930066642242807,0.3316074113137078
GNG4,0.48999458779181515,0.36958392818642766,0.1204106596053875
C19orf59,0.41816740868444413,0.5075394763404824,0.08937206765603822
HBB,0.4685474582304019,0.5196016207394415,0.0510541625090396
TMEM190,0.23211644952835558,0.2569260152609971,0.024809565732641536
GPR115,0.5677981966837319,0.4232062431135434,0.1445919535701885
SEMA3E,0.3856607543908074,0.5102429821783391,0.1245822277875317
KRT7,0.5170742577977283,0.7302372419063616,0.21316298410863332
SALL1,0.290967510899464,0.19437213578005902,0.09659537511940497
FBN3,0.2820964309884783,0.3313629329658401,0.049266501977361765
PRSS3,0.3268251348193086,0.27100076984342564,0.055824364975882945
C6,0.27204198383725803,0.3644560031873441,0.09241401935008609
TMEM59L,0.2662208648706282,0.41558821772405785,0.14936735285342967
LOC339535,0.40292656248049774,0.3212138923365768,0.08171267014392092
FZD10,0.5667703547342645,0.3789928845181621,0.18777747021610242
CT45A5,0.2004874618611747,0.06098077258128049,0.1395066892798942
TF,0.2953434677309582,0.2844872155198782,0.010856252211079997
ATP13A4,0.5501622414722827,0.6490272509541422,0.0988650094818595
ENPP3,0.25712846079780255,0.46756558366032774,0.2104371228625252
GFRA3,0.3620485891699076,0.46837399187808676,0.10632540270817914
